{
  "Name": "FND Reverb",
  "Version": "0.2.5",
  "Factory Info": {
    "Vendor": "Stancsz Audio",
    "URL": "",
    "E-Mail": "",
    "Flags": {
      "Unicode": true,
      "Classes Discardable": false,
      "Component Non Discardable": false,
    },
  },
  "Classes": [
    {
      "CID": "ABCDEF019182FAEB4E41505446646E52",
      "Category": "Audio Module Class",
      "Name": "FND Reverb",
      "Vendor": "Stancsz Audio",
      "Version": "0.2.5",
      "SDKVersion": "VST 3.7.12",
      "Sub Categories": [
        "Fx",
      ],
      "Class Flags": 0,
      "Cardinality": 2147483647,
      "Snapshots": [
      ],
    },
    {
      "CID": "ABCDEF011234ABCD4E41505446646E52",
      "Category": "Component Controller Class",
      "Name": "FND Reverb",
      "Vendor": "Stancsz Audio",
      "Version": "0.2.5",
      "SDKVersion": "VST 3.7.12",
      "Sub Categories": [
        "Fx",
      ],
      "Class Flags": 0,
      "Cardinality": 2147483647,
      "Snapshots": [
      ],
    },
    {
      "CID": "ABCDEF01C0DEF00D4E41505446646E52",
      "Category": "Plugin Compatibility Class",
      "Name": "FND Reverb",
      "Vendor": "Stancsz Audio",
      "Version": "0.2.5",
      "SDKVersion": "VST 3.7.12",
      "Class Flags": 0,
      "Cardinality": 2147483647,
      "Snapshots": [
      ],
    },
  ],
}